,dataset,model_id,generation_config,metric,score
0,drone_tweets,Meta-Llama-3-8B-Instruct,max_new_toks=30-temp=0.1-rep_pen=1.2-combine_prompts=True-few_shots=True,weighted avg_f1-score,0.73623
1,drone_tweets,Meta-Llama-3-8B-Instruct,max_new_toks=50-temp=0.01-rep_pen=1.1-combine_prompts=False-few_shots=True,weighted avg_f1-score,0.73589
2,drone_tweets,Meta-Llama-3-8B-Instruct,max_new_toks=100-temp=0.01-rep_pen=1.1-combine_prompts=False-few_shots=True,weighted avg_f1-score,0.7357
3,drone_tweets,Meta-Llama-3-8B-Instruct,max_new_toks=30-temp=0.01-rep_pen=1.1-combine_prompts=True-few_shots=True,weighted avg_f1-score,0.73553
4,drone_tweets,Meta-Llama-3-8B-Instruct,max_new_toks=30-temp=0.01-rep_pen=1.1-combine_prompts=False-few_shots=True,weighted avg_f1-score,0.73547
5,drone_tweets,Meta-Llama-3-8B-Instruct,max_new_toks=100-temp=0.01-rep_pen=1.2-combine_prompts=True-few_shots=True,weighted avg_f1-score,0.73525
6,drone_tweets,Meta-Llama-3-8B-Instruct,max_new_toks=50-temp=0.01-rep_pen=1.2-combine_prompts=True-few_shots=True,weighted avg_f1-score,0.73518
7,drone_tweets,Meta-Llama-3-8B-Instruct,max_new_toks=30-temp=0.01-rep_pen=1.05-combine_prompts=False-few_shots=True,weighted avg_f1-score,0.7349
8,drone_tweets,Meta-Llama-3-8B-Instruct,max_new_toks=50-temp=0.01-rep_pen=1.1-combine_prompts=True-few_shots=True,weighted avg_f1-score,0.73471
9,drone_tweets,Meta-Llama-3-8B-Instruct,max_new_toks=100-temp=0.01-rep_pen=1.1-combine_prompts=True-few_shots=True,weighted avg_f1-score,0.73436
10,drone_tweets,Meta-Llama-3-8B-Instruct,max_new_toks=100-temp=0.1-rep_pen=1.05-combine_prompts=True-few_shots=True,weighted avg_f1-score,0.73414
11,drone_tweets,Meta-Llama-3-8B-Instruct,max_new_toks=100-temp=0.01-rep_pen=1.15-combine_prompts=True-few_shots=True,weighted avg_f1-score,0.734
12,drone_tweets,Meta-Llama-3-8B-Instruct,max_new_toks=50-temp=0.01-rep_pen=1.05-combine_prompts=False-few_shots=True,weighted avg_f1-score,0.73382
13,drone_tweets,Meta-Llama-3-8B-Instruct,max_new_toks=30-temp=0.01-rep_pen=1.2-combine_prompts=True-few_shots=True,weighted avg_f1-score,0.7338
14,drone_tweets,Meta-Llama-3-8B-Instruct,max_new_toks=100-temp=0.1-rep_pen=1.05-combine_prompts=False-few_shots=True,weighted avg_f1-score,0.73376
15,drone_tweets,Meta-Llama-3-8B-Instruct,max_new_toks=30-temp=0.01-rep_pen=1.05-combine_prompts=True-few_shots=True,weighted avg_f1-score,0.73347
16,drone_tweets,Meta-Llama-3-8B-Instruct,max_new_toks=30-temp=0.01-rep_pen=1.2-combine_prompts=False-few_shots=True,weighted avg_f1-score,0.7334
17,drone_tweets,Meta-Llama-3-8B-Instruct,max_new_toks=50-temp=0.01-rep_pen=1.2-combine_prompts=False-few_shots=True,weighted avg_f1-score,0.73329
18,drone_tweets,Meta-Llama-3-8B-Instruct,max_new_toks=100-temp=0.01-rep_pen=1.05-combine_prompts=True-few_shots=True,weighted avg_f1-score,0.73322
19,drone_tweets,Meta-Llama-3-8B-Instruct,max_new_toks=50-temp=0.1-rep_pen=1.1-combine_prompts=True-few_shots=True,weighted avg_f1-score,0.733
20,drone_tweets,Meta-Llama-3-8B-Instruct,max_new_toks=50-temp=0.01-rep_pen=1.05-combine_prompts=True-few_shots=True,weighted avg_f1-score,0.73297
21,drone_tweets,Meta-Llama-3-8B-Instruct,max_new_toks=50-temp=0.1-rep_pen=1.1-combine_prompts=False-few_shots=True,weighted avg_f1-score,0.73287
22,drone_tweets,Meta-Llama-3-8B-Instruct,max_new_toks=100-temp=0.01-rep_pen=1.05-combine_prompts=False-few_shots=True,weighted avg_f1-score,0.73282
23,drone_tweets,Meta-Llama-3-8B-Instruct,max_new_toks=100-temp=0.01-rep_pen=1.15-combine_prompts=False-few_shots=True,weighted avg_f1-score,0.73273
24,drone_tweets,Meta-Llama-3-8B-Instruct,max_new_toks=100-temp=0.01-rep_pen=1.2-combine_prompts=False-few_shots=True,weighted avg_f1-score,0.73271
25,drone_tweets,Meta-Llama-3-8B-Instruct,max_new_toks=30-temp=0.1-rep_pen=1.05-combine_prompts=True-few_shots=True,weighted avg_f1-score,0.73268
26,drone_tweets,Meta-Llama-3-8B-Instruct,max_new_toks=50-temp=0.01-rep_pen=1.15-combine_prompts=False-few_shots=True,weighted avg_f1-score,0.73265
27,drone_tweets,Meta-Llama-3-8B-Instruct,max_new_toks=100-temp=0.1-rep_pen=1.1-combine_prompts=True-few_shots=True,weighted avg_f1-score,0.73221
28,drone_tweets,Meta-Llama-3-8B-Instruct,max_new_toks=30-temp=0.01-rep_pen=1.15-combine_prompts=False-few_shots=True,weighted avg_f1-score,0.73216
29,drone_tweets,Meta-Llama-3-8B-Instruct,max_new_toks=30-temp=0.1-rep_pen=1.15-combine_prompts=True-few_shots=True,weighted avg_f1-score,0.73197
30,drone_tweets,Meta-Llama-3-8B-Instruct,max_new_toks=30-temp=0.01-rep_pen=1.15-combine_prompts=True-few_shots=True,weighted avg_f1-score,0.73192
31,drone_tweets,Meta-Llama-3-8B-Instruct,max_new_toks=30-temp=0.1-rep_pen=1.05-combine_prompts=False-few_shots=True,weighted avg_f1-score,0.73187
32,drone_tweets,Meta-Llama-3-8B-Instruct,max_new_toks=50-temp=0.01-rep_pen=1.15-combine_prompts=True-few_shots=True,weighted avg_f1-score,0.73183
33,drone_tweets,Meta-Llama-3-8B-Instruct,max_new_toks=50-temp=0.1-rep_pen=1.15-combine_prompts=False-few_shots=True,weighted avg_f1-score,0.73157
34,drone_tweets,Meta-Llama-3-8B-Instruct,max_new_toks=50-temp=0.1-rep_pen=1.05-combine_prompts=True-few_shots=True,weighted avg_f1-score,0.73087
35,drone_tweets,Meta-Llama-3-8B-Instruct,max_new_toks=100-temp=0.1-rep_pen=1.2-combine_prompts=True-few_shots=True,weighted avg_f1-score,0.73058
36,drone_tweets,Meta-Llama-3-8B-Instruct,max_new_toks=50-temp=0.1-rep_pen=1.15-combine_prompts=True-few_shots=True,weighted avg_f1-score,0.73045
37,drone_tweets,Meta-Llama-3-8B-Instruct,max_new_toks=50-temp=0.1-rep_pen=1.05-combine_prompts=False-few_shots=True,weighted avg_f1-score,0.73038
38,drone_tweets,Meta-Llama-3-8B-Instruct,max_new_toks=50-temp=0.1-rep_pen=1.2-combine_prompts=True-few_shots=True,weighted avg_f1-score,0.73023
39,drone_tweets,Meta-Llama-3-8B-Instruct,max_new_toks=30-temp=0.1-rep_pen=1.1-combine_prompts=True-few_shots=True,weighted avg_f1-score,0.72969
40,drone_tweets,Meta-Llama-3-8B-Instruct,max_new_toks=100-temp=0.1-rep_pen=1.1-combine_prompts=False-few_shots=True,weighted avg_f1-score,0.72912
41,drone_tweets,tweet_eval-sentiment-0.2-lora-epoch=5,max_new_toks=30-temp=0.1-rep_pen=1.2-combine_prompts=False-few_shots=True,weighted avg_f1-score,0.72889
42,drone_tweets,Meta-Llama-3-8B-Instruct,max_new_toks=30-temp=0.1-rep_pen=1.1-combine_prompts=False-few_shots=True,weighted avg_f1-score,0.72886
43,drone_tweets,Meta-Llama-3-8B-Instruct,max_new_toks=50-temp=0.1-rep_pen=1.2-combine_prompts=False-few_shots=True,weighted avg_f1-score,0.72735
44,drone_tweets,tweet_eval-sentiment-0.2-lora-epoch=5,max_new_toks=30-temp=0.1-rep_pen=1.2-combine_prompts=True-few_shots=True,weighted avg_f1-score,0.72683
45,drone_tweets,Meta-Llama-3-8B-Instruct,max_new_toks=30-temp=0.1-rep_pen=1.2-combine_prompts=False-few_shots=True,weighted avg_f1-score,0.72649
46,drone_tweets,Meta-Llama-3-8B-Instruct,max_new_toks=100-temp=0.1-rep_pen=1.15-combine_prompts=True-few_shots=True,weighted avg_f1-score,0.72592
47,drone_tweets,Meta-Llama-3-8B-Instruct,max_new_toks=30-temp=0.1-rep_pen=1.15-combine_prompts=False-few_shots=True,weighted avg_f1-score,0.72543
48,drone_tweets,Meta-Llama-3-8B-Instruct,max_new_toks=100-temp=0.1-rep_pen=1.15-combine_prompts=False-few_shots=True,weighted avg_f1-score,0.72443
49,drone_tweets,Meta-Llama-3-8B-Instruct,max_new_toks=100-temp=0.1-rep_pen=1.2-combine_prompts=False-few_shots=True,weighted avg_f1-score,0.72431
50,drone_tweets,Meta-Llama-3-8B-Instruct,max_new_toks=100-temp=0.3-rep_pen=1.05-combine_prompts=True-few_shots=True,weighted avg_f1-score,0.71947
51,drone_tweets,Meta-Llama-3-8B-Instruct,max_new_toks=30-temp=0.3-rep_pen=1.05-combine_prompts=True-few_shots=True,weighted avg_f1-score,0.71919
52,drone_tweets,Meta-Llama-3-8B-Instruct,max_new_toks=50-temp=0.3-rep_pen=1.05-combine_prompts=True-few_shots=True,weighted avg_f1-score,0.71389
53,drone_tweets,Meta-Llama-3-8B-Instruct,max_new_toks=100-temp=0.3-rep_pen=1.05-combine_prompts=False-few_shots=True,weighted avg_f1-score,0.71308
54,drone_tweets,Meta-Llama-3-8B-Instruct,max_new_toks=100-temp=0.3-rep_pen=1.1-combine_prompts=True-few_shots=True,weighted avg_f1-score,0.71205
55,drone_tweets,Meta-Llama-3-8B-Instruct,max_new_toks=50-temp=0.3-rep_pen=1.05-combine_prompts=False-few_shots=True,weighted avg_f1-score,0.71194
56,drone_tweets,Meta-Llama-3-8B-Instruct,max_new_toks=30-temp=0.3-rep_pen=1.1-combine_prompts=False-few_shots=True,weighted avg_f1-score,0.71099
57,drone_tweets,Meta-Llama-3-8B-Instruct,max_new_toks=50-temp=0.3-rep_pen=1.1-combine_prompts=False-few_shots=True,weighted avg_f1-score,0.71071
58,drone_tweets,Meta-Llama-3-8B-Instruct,max_new_toks=30-temp=0.3-rep_pen=1.05-combine_prompts=False-few_shots=True,weighted avg_f1-score,0.71065
59,drone_tweets,Meta-Llama-3-8B-Instruct,max_new_toks=50-temp=0.3-rep_pen=1.1-combine_prompts=True-few_shots=True,weighted avg_f1-score,0.70742
60,drone_tweets,Meta-Llama-3-8B-Instruct,max_new_toks=100-temp=0.3-rep_pen=1.15-combine_prompts=False-few_shots=True,weighted avg_f1-score,0.7073
61,drone_tweets,Meta-Llama-3-8B-Instruct,max_new_toks=100-temp=0.3-rep_pen=1.1-combine_prompts=False-few_shots=True,weighted avg_f1-score,0.70707
62,drone_tweets,Meta-Llama-3-8B-Instruct,max_new_toks=30-temp=0.3-rep_pen=1.1-combine_prompts=True-few_shots=True,weighted avg_f1-score,0.70659
63,drone_tweets,Meta-Llama-3-8B-Instruct,max_new_toks=50-temp=0.3-rep_pen=1.15-combine_prompts=True-few_shots=True,weighted avg_f1-score,0.7063
64,drone_tweets,Meta-Llama-3-8B-Instruct,max_new_toks=50-temp=0.3-rep_pen=1.2-combine_prompts=True-few_shots=True,weighted avg_f1-score,0.70589
65,drone_tweets,Meta-Llama-3-8B-Instruct,max_new_toks=50-temp=0.3-rep_pen=1.15-combine_prompts=False-few_shots=True,weighted avg_f1-score,0.70327
66,drone_tweets,tweet_eval-emotion-1.0-lora-epoch=5-wrong-labels,max_new_toks=30-temp=0.1-rep_pen=1.2-combine_prompts=True-few_shots=True,weighted avg_f1-score,0.70323
67,drone_tweets,Meta-Llama-3-8B-Instruct,max_new_toks=100-temp=0.3-rep_pen=1.15-combine_prompts=True-few_shots=True,weighted avg_f1-score,0.70265
68,drone_tweets,Meta-Llama-3-8B-Instruct,max_new_toks=30-temp=0.3-rep_pen=1.15-combine_prompts=False-few_shots=True,weighted avg_f1-score,0.70263
69,drone_tweets,Meta-Llama-3-8B-Instruct,max_new_toks=30-temp=0.3-rep_pen=1.15-combine_prompts=True-few_shots=True,weighted avg_f1-score,0.70227
70,drone_tweets,Meta-Llama-3-8B-Instruct,max_new_toks=30-temp=0.3-rep_pen=1.2-combine_prompts=False-few_shots=True,weighted avg_f1-score,0.7018
71,drone_tweets,Meta-Llama-3-8B-Instruct,max_new_toks=50-temp=0.5-rep_pen=1.05-combine_prompts=True-few_shots=True,weighted avg_f1-score,0.6996
72,drone_tweets,Meta-Llama-3-8B-Instruct,max_new_toks=50-temp=0.3-rep_pen=1.2-combine_prompts=False-few_shots=True,weighted avg_f1-score,0.69825
73,drone_tweets,Meta-Llama-3-8B-Instruct,max_new_toks=100-temp=0.3-rep_pen=1.2-combine_prompts=False-few_shots=True,weighted avg_f1-score,0.69617
74,drone_tweets,Meta-Llama-3-8B-Instruct,max_new_toks=100-temp=0.3-rep_pen=1.2-combine_prompts=True-few_shots=True,weighted avg_f1-score,0.69595
75,drone_tweets,Meta-Llama-3-8B-Instruct,max_new_toks=30-temp=0.3-rep_pen=1.2-combine_prompts=True-few_shots=True,weighted avg_f1-score,0.69153
76,drone_tweets,Meta-Llama-3-8B-Instruct,max_new_toks=30-temp=0.5-rep_pen=1.05-combine_prompts=True-few_shots=True,weighted avg_f1-score,0.68329
77,drone_tweets,Meta-Llama-3-8B-Instruct,max_new_toks=30-temp=0.5-rep_pen=1.05-combine_prompts=False-few_shots=True,weighted avg_f1-score,0.68213
78,drone_tweets,Meta-Llama-3-8B-Instruct,max_new_toks=100-temp=0.5-rep_pen=1.1-combine_prompts=True-few_shots=True,weighted avg_f1-score,0.67671
79,drone_tweets,Meta-Llama-3-8B-Instruct,max_new_toks=30-temp=0.5-rep_pen=1.15-combine_prompts=False-few_shots=True,weighted avg_f1-score,0.67519
80,drone_tweets,Meta-Llama-3-8B-Instruct,max_new_toks=30-temp=0.5-rep_pen=1.1-combine_prompts=True-few_shots=True,weighted avg_f1-score,0.67457
81,drone_tweets,Meta-Llama-3-8B-Instruct,max_new_toks=50-temp=0.5-rep_pen=1.15-combine_prompts=False-few_shots=True,weighted avg_f1-score,0.67437
82,drone_tweets,Meta-Llama-3-8B-Instruct,max_new_toks=50-temp=0.5-rep_pen=1.05-combine_prompts=False-few_shots=True,weighted avg_f1-score,0.67409
83,drone_tweets,tweet_eval-emotion-1.0-lora-epoch=10-wrong-labels,max_new_toks=30-temp=0.1-rep_pen=1.2-combine_prompts=True-few_shots=True,weighted avg_f1-score,0.67318
84,drone_tweets,Meta-Llama-3-8B-Instruct,max_new_toks=50-temp=0.5-rep_pen=1.1-combine_prompts=True-few_shots=True,weighted avg_f1-score,0.67251
85,drone_tweets,Meta-Llama-3-8B-Instruct,max_new_toks=50-temp=0.5-rep_pen=1.1-combine_prompts=False-few_shots=True,weighted avg_f1-score,0.6715
86,drone_tweets,Meta-Llama-3-8B-Instruct,max_new_toks=100-temp=0.5-rep_pen=1.1-combine_prompts=False-few_shots=True,weighted avg_f1-score,0.67145
87,drone_tweets,Meta-Llama-3-8B-Instruct,max_new_toks=100-temp=0.5-rep_pen=1.05-combine_prompts=True-few_shots=True,weighted avg_f1-score,0.67103
88,drone_tweets,Meta-Llama-3-8B-Instruct,max_new_toks=30-temp=0.5-rep_pen=1.1-combine_prompts=False-few_shots=True,weighted avg_f1-score,0.66966
89,drone_tweets,Meta-Llama-3-8B-Instruct,max_new_toks=100-temp=0.5-rep_pen=1.05-combine_prompts=False-few_shots=True,weighted avg_f1-score,0.66745
90,drone_tweets,Meta-Llama-3-8B-Instruct,max_new_toks=30-temp=0.5-rep_pen=1.15-combine_prompts=True-few_shots=True,weighted avg_f1-score,0.66668
91,drone_tweets,Meta-Llama-3-8B-Instruct,max_new_toks=100-temp=0.5-rep_pen=1.15-combine_prompts=True-few_shots=True,weighted avg_f1-score,0.66615
92,drone_tweets,Meta-Llama-3-8B-Instruct,max_new_toks=100-temp=0.5-rep_pen=1.15-combine_prompts=False-few_shots=True,weighted avg_f1-score,0.66187
93,drone_tweets,Meta-Llama-3-8B-Instruct,max_new_toks=50-temp=0.5-rep_pen=1.15-combine_prompts=True-few_shots=True,weighted avg_f1-score,0.65923
94,drone_tweets,Meta-Llama-3-8B-Instruct,max_new_toks=30-temp=0.5-rep_pen=1.2-combine_prompts=False-few_shots=True,weighted avg_f1-score,0.65204
95,drone_tweets,tweet_eval-emotion-sentiment-0.2-lora-epoch=5,max_new_toks=30-temp=0.1-rep_pen=1.2-combine_prompts=True-few_shots=True,weighted avg_f1-score,0.64825
96,drone_tweets,Meta-Llama-3-8B-Instruct,max_new_toks=100-temp=0.5-rep_pen=1.2-combine_prompts=False-few_shots=True,weighted avg_f1-score,0.6432
97,drone_tweets,Meta-Llama-3-8B-Instruct,max_new_toks=50-temp=0.5-rep_pen=1.2-combine_prompts=True-few_shots=True,weighted avg_f1-score,0.64308
98,drone_tweets,Meta-Llama-3-8B-Instruct,max_new_toks=100-temp=0.5-rep_pen=1.2-combine_prompts=True-few_shots=True,weighted avg_f1-score,0.64207
99,drone_tweets,Meta-Llama-3-8B-Instruct,max_new_toks=50-temp=0.5-rep_pen=1.2-combine_prompts=False-few_shots=True,weighted avg_f1-score,0.64139
100,drone_tweets,Meta-Llama-3-8B-Instruct,max_new_toks=30-temp=0.5-rep_pen=1.2-combine_prompts=True-few_shots=True,weighted avg_f1-score,0.63839
101,drone_tweets,Meta-Llama-3-8B-Instruct,max_new_toks=100-temp=0.5-rep_pen=1.2-combine_prompts=False-few_shots=True-include_roles=True,weighted avg_f1-score,0.63615
102,drone_tweets,Meta-Llama-3-8B-Instruct,max_new_toks=100-temp=0.5-rep_pen=1.05-combine_prompts=False-few_shots=True-include_roles=True,weighted avg_f1-score,0.6334
103,drone_tweets,Meta-Llama-3-8B-Instruct,max_new_toks=100-temp=0.1-rep_pen=1.2-combine_prompts=False-few_shots=True-include_roles=True,weighted avg_f1-score,0.63126
104,drone_tweets,Meta-Llama-3-8B-Instruct,max_new_toks=100-temp=0.3-rep_pen=1.2-combine_prompts=False-few_shots=True-include_roles=True,weighted avg_f1-score,0.62969
105,drone_tweets,Meta-Llama-3-8B-Instruct,max_new_toks=100-temp=0.01-rep_pen=1.2-combine_prompts=False-few_shots=True-include_roles=True,weighted avg_f1-score,0.62924
106,drone_tweets,Meta-Llama-3-8B-Instruct,max_new_toks=100-temp=0.3-rep_pen=1.15-combine_prompts=False-few_shots=True-include_roles=True,weighted avg_f1-score,0.62786
107,drone_tweets,Meta-Llama-3-8B-Instruct,max_new_toks=100-temp=0.3-rep_pen=1.05-combine_prompts=False-few_shots=True-include_roles=True,weighted avg_f1-score,0.62772
108,drone_tweets,Meta-Llama-3-8B-Instruct,max_new_toks=50-temp=0.01-rep_pen=1.2-combine_prompts=False-few_shots=True-include_roles=True,weighted avg_f1-score,0.62491
109,drone_tweets,Meta-Llama-3-8B-Instruct,max_new_toks=100-temp=0.5-rep_pen=1.15-combine_prompts=False-few_shots=True-include_roles=True,weighted avg_f1-score,0.62425
110,drone_tweets,Meta-Llama-3-8B-Instruct,max_new_toks=100-temp=0.5-rep_pen=1.1-combine_prompts=False-few_shots=True-include_roles=True,weighted avg_f1-score,0.62419
111,drone_tweets,Meta-Llama-3-8B-Instruct,max_new_toks=30-temp=0.5-rep_pen=1.05-combine_prompts=False-few_shots=True-include_roles=True,weighted avg_f1-score,0.62408
112,drone_tweets,Meta-Llama-3-8B-Instruct,max_new_toks=30-temp=0.3-rep_pen=1.2-combine_prompts=False-few_shots=True-include_roles=True,weighted avg_f1-score,0.62334
113,drone_tweets,Meta-Llama-3-8B-Instruct,max_new_toks=50-temp=0.5-rep_pen=1.2-combine_prompts=False-few_shots=True-include_roles=True,weighted avg_f1-score,0.62173
114,drone_tweets,Meta-Llama-3-8B-Instruct,max_new_toks=100-temp=0.1-rep_pen=1.15-combine_prompts=False-few_shots=True-include_roles=True,weighted avg_f1-score,0.62148
115,drone_tweets,Meta-Llama-3-8B-Instruct,max_new_toks=50-temp=0.3-rep_pen=1.2-combine_prompts=False-few_shots=True-include_roles=True,weighted avg_f1-score,0.62106
116,drone_tweets,Meta-Llama-3-8B-Instruct,max_new_toks=50-temp=0.5-rep_pen=1.15-combine_prompts=False-few_shots=True-include_roles=True,weighted avg_f1-score,0.62087
117,drone_tweets,Meta-Llama-3-8B-Instruct,max_new_toks=30-temp=0.01-rep_pen=1.2-combine_prompts=False-few_shots=True-include_roles=True,weighted avg_f1-score,0.62085
118,drone_tweets,Meta-Llama-3-8B-Instruct,max_new_toks=100-temp=0.1-rep_pen=1.05-combine_prompts=False-few_shots=True-include_roles=True,weighted avg_f1-score,0.62083
119,drone_tweets,Meta-Llama-3-8B-Instruct,max_new_toks=30-temp=0.1-rep_pen=1.2-combine_prompts=False-few_shots=True-include_roles=True,weighted avg_f1-score,0.62022
120,drone_tweets,Meta-Llama-3-8B-Instruct,max_new_toks=50-temp=0.1-rep_pen=1.2-combine_prompts=False-few_shots=True-include_roles=True,weighted avg_f1-score,0.62002
121,drone_tweets,Meta-Llama-3-8B-Instruct,max_new_toks=50-temp=0.1-rep_pen=1.15-combine_prompts=False-few_shots=True-include_roles=True,weighted avg_f1-score,0.61971
122,drone_tweets,Meta-Llama-3-8B-Instruct,max_new_toks=100-temp=0.01-rep_pen=1.15-combine_prompts=False-few_shots=True-include_roles=True,weighted avg_f1-score,0.61967
123,drone_tweets,Meta-Llama-3-8B-Instruct,max_new_toks=100-temp=0.01-rep_pen=1.05-combine_prompts=False-few_shots=True-include_roles=True,weighted avg_f1-score,0.61887
124,drone_tweets,Meta-Llama-3-8B-Instruct,max_new_toks=100-temp=0.3-rep_pen=1.1-combine_prompts=False-few_shots=True-include_roles=True,weighted avg_f1-score,0.61878
125,drone_tweets,Meta-Llama-3-8B-Instruct,max_new_toks=100-temp=0.1-rep_pen=1.1-combine_prompts=False-few_shots=True-include_roles=True,weighted avg_f1-score,0.61834
126,drone_tweets,Meta-Llama-3-8B-Instruct,max_new_toks=50-temp=0.3-rep_pen=1.15-combine_prompts=False-few_shots=True-include_roles=True,weighted avg_f1-score,0.61781
127,drone_tweets,Meta-Llama-3-8B-Instruct,max_new_toks=30-temp=0.3-rep_pen=1.15-combine_prompts=False-few_shots=True-include_roles=True,weighted avg_f1-score,0.61747
128,drone_tweets,Meta-Llama-3-8B-Instruct,max_new_toks=50-temp=0.3-rep_pen=1.05-combine_prompts=False-few_shots=True-include_roles=True,weighted avg_f1-score,0.617
129,drone_tweets,Meta-Llama-3-8B-Instruct,max_new_toks=30-temp=0.1-rep_pen=1.15-combine_prompts=False-few_shots=True-include_roles=True,weighted avg_f1-score,0.61685
130,drone_tweets,Meta-Llama-3-8B-Instruct,max_new_toks=50-temp=0.1-rep_pen=1.05-combine_prompts=False-few_shots=True-include_roles=True,weighted avg_f1-score,0.61673
131,drone_tweets,Meta-Llama-3-8B-Instruct,max_new_toks=50-temp=0.01-rep_pen=1.15-combine_prompts=False-few_shots=True-include_roles=True,weighted avg_f1-score,0.6167
132,drone_tweets,Meta-Llama-3-8B-Instruct,max_new_toks=100-temp=0.01-rep_pen=1.1-combine_prompts=False-few_shots=True-include_roles=True,weighted avg_f1-score,0.61655
133,drone_tweets,Meta-Llama-3-8B-Instruct,max_new_toks=50-temp=0.5-rep_pen=1.05-combine_prompts=False-few_shots=True-include_roles=True,weighted avg_f1-score,0.61618
134,drone_tweets,Meta-Llama-3-8B-Instruct,max_new_toks=50-temp=0.01-rep_pen=1.05-combine_prompts=False-few_shots=True-include_roles=True,weighted avg_f1-score,0.61527
135,drone_tweets,Meta-Llama-3-8B-Instruct,max_new_toks=30-temp=0.3-rep_pen=1.1-combine_prompts=False-few_shots=True-include_roles=True,weighted avg_f1-score,0.615
136,drone_tweets,Meta-Llama-3-8B-Instruct,max_new_toks=30-temp=0.01-rep_pen=1.05-combine_prompts=False-few_shots=True-include_roles=True,weighted avg_f1-score,0.61447
137,drone_tweets,Meta-Llama-3-8B-Instruct,max_new_toks=50-temp=0.01-rep_pen=1.1-combine_prompts=False-few_shots=True-include_roles=True,weighted avg_f1-score,0.61402
138,drone_tweets,Meta-Llama-3-8B-Instruct,max_new_toks=30-temp=0.1-rep_pen=1.05-combine_prompts=False-few_shots=True-include_roles=True,weighted avg_f1-score,0.61387
139,drone_tweets,Meta-Llama-3-8B-Instruct,max_new_toks=50-temp=0.1-rep_pen=1.1-combine_prompts=False-few_shots=True-include_roles=True,weighted avg_f1-score,0.6134
140,drone_tweets,Meta-Llama-3-8B-Instruct,max_new_toks=30-temp=0.5-rep_pen=1.15-combine_prompts=False-few_shots=True-include_roles=True,weighted avg_f1-score,0.61305
141,drone_tweets,Meta-Llama-3-8B-Instruct,max_new_toks=30-temp=0.3-rep_pen=1.05-combine_prompts=False-few_shots=True-include_roles=True,weighted avg_f1-score,0.61261
142,drone_tweets,Meta-Llama-3-8B-Instruct,max_new_toks=30-temp=0.01-rep_pen=1.15-combine_prompts=False-few_shots=True-include_roles=True,weighted avg_f1-score,0.61253
143,drone_tweets,Meta-Llama-3-8B-Instruct,max_new_toks=50-temp=0.3-rep_pen=1.1-combine_prompts=False-few_shots=True-include_roles=True,weighted avg_f1-score,0.61228
144,drone_tweets,Meta-Llama-3-8B-Instruct,max_new_toks=50-temp=0.5-rep_pen=1.1-combine_prompts=False-few_shots=True-include_roles=True,weighted avg_f1-score,0.61195
145,drone_tweets,Meta-Llama-3-8B-Instruct,max_new_toks=30-temp=0.01-rep_pen=1.1-combine_prompts=False-few_shots=True-include_roles=True,weighted avg_f1-score,0.61053
146,drone_tweets,Meta-Llama-3-8B-Instruct,max_new_toks=30-temp=0.1-rep_pen=1.1-combine_prompts=False-few_shots=True-include_roles=True,weighted avg_f1-score,0.61024
147,drone_tweets,Meta-Llama-3-8B-Instruct,max_new_toks=30-temp=0.5-rep_pen=1.2-combine_prompts=False-few_shots=True-include_roles=True,weighted avg_f1-score,0.60997
148,drone_tweets,Meta-Llama-3-8B-Instruct,max_new_toks=30-temp=0.5-rep_pen=1.1-combine_prompts=False-few_shots=True-include_roles=True,weighted avg_f1-score,0.60866
149,drone_tweets,tweet_eval-emotion-sentiment-0.2-lora-epoch=5,max_new_toks=30-temp=0.1-rep_pen=1.2-combine_prompts=False-few_shots=True,weighted avg_f1-score,0.59858
150,drone_tweets,tweet_eval-emotion-1.0-lora-epoch=5-wrong-labels,max_new_toks=30-temp=0.1-rep_pen=1.2-combine_prompts=False-few_shots=True,weighted avg_f1-score,0.56522
151,drone_tweets,Meta-Llama-3-8B-Instruct,max_new_toks=100-temp=0.01-rep_pen=1.2-combine_prompts=True-few_shots=True-include_roles=True,weighted avg_f1-score,0.55613
152,drone_tweets,Meta-Llama-3-8B-Instruct,max_new_toks=100-temp=0.1-rep_pen=1.2-combine_prompts=True-few_shots=True-include_roles=True,weighted avg_f1-score,0.55528
153,drone_tweets,Meta-Llama-3-8B-Instruct,max_new_toks=100-temp=0.5-rep_pen=1.2-combine_prompts=True-few_shots=True-include_roles=True,weighted avg_f1-score,0.5552
154,drone_tweets,Meta-Llama-3-8B-Instruct,max_new_toks=100-temp=0.3-rep_pen=1.2-combine_prompts=True-few_shots=True-include_roles=True,weighted avg_f1-score,0.54997
155,drone_tweets,Meta-Llama-3-8B-Instruct,max_new_toks=100-temp=0.3-rep_pen=1.15-combine_prompts=True-few_shots=True-include_roles=True,weighted avg_f1-score,0.54663
156,drone_tweets,Meta-Llama-3-8B-Instruct,max_new_toks=100-temp=0.5-rep_pen=1.15-combine_prompts=True-few_shots=True-include_roles=True,weighted avg_f1-score,0.54567
157,drone_tweets,Meta-Llama-3-8B-Instruct,max_new_toks=100-temp=0.01-rep_pen=1.15-combine_prompts=True-few_shots=True-include_roles=True,weighted avg_f1-score,0.54477
158,drone_tweets,Meta-Llama-3-8B-Instruct,max_new_toks=100-temp=0.1-rep_pen=1.15-combine_prompts=True-few_shots=True-include_roles=True,weighted avg_f1-score,0.54454
159,drone_tweets,Meta-Llama-3-8B-Instruct,max_new_toks=100-temp=0.5-rep_pen=1.1-combine_prompts=True-few_shots=True-include_roles=True,weighted avg_f1-score,0.54123
160,drone_tweets,Meta-Llama-3-8B-Instruct,max_new_toks=100-temp=0.5-rep_pen=1.05-combine_prompts=True-few_shots=True-include_roles=True,weighted avg_f1-score,0.54018
161,drone_tweets,Meta-Llama-3-8B-Instruct,max_new_toks=50-temp=0.01-rep_pen=1.2-combine_prompts=True-few_shots=True-include_roles=True,weighted avg_f1-score,0.53951
162,drone_tweets,Meta-Llama-3-8B-Instruct,max_new_toks=50-temp=0.5-rep_pen=1.05-combine_prompts=True-few_shots=True-include_roles=True,weighted avg_f1-score,0.53718
163,drone_tweets,Meta-Llama-3-8B-Instruct,max_new_toks=100-temp=0.3-rep_pen=1.1-combine_prompts=True-few_shots=True-include_roles=True,weighted avg_f1-score,0.53698
164,drone_tweets,Meta-Llama-3-8B-Instruct,max_new_toks=50-temp=0.1-rep_pen=1.15-combine_prompts=True-few_shots=True-include_roles=True,weighted avg_f1-score,0.53692
165,drone_tweets,Meta-Llama-3-8B-Instruct,max_new_toks=50-temp=0.1-rep_pen=1.2-combine_prompts=True-few_shots=True-include_roles=True,weighted avg_f1-score,0.53531
166,drone_tweets,Meta-Llama-3-8B-Instruct,max_new_toks=50-temp=0.01-rep_pen=1.15-combine_prompts=True-few_shots=True-include_roles=True,weighted avg_f1-score,0.53469
167,drone_tweets,Meta-Llama-3-8B-Instruct,max_new_toks=50-temp=0.3-rep_pen=1.1-combine_prompts=True-few_shots=True-include_roles=True,weighted avg_f1-score,0.534
168,drone_tweets,Meta-Llama-3-8B-Instruct,max_new_toks=50-temp=0.5-rep_pen=1.1-combine_prompts=True-few_shots=True-include_roles=True,weighted avg_f1-score,0.53149
169,drone_tweets,Meta-Llama-3-8B-Instruct,max_new_toks=50-temp=0.1-rep_pen=1.1-combine_prompts=True-few_shots=True-include_roles=True,weighted avg_f1-score,0.53124
170,drone_tweets,Meta-Llama-3-8B-Instruct,max_new_toks=100-temp=0.3-rep_pen=1.05-combine_prompts=True-few_shots=True-include_roles=True,weighted avg_f1-score,0.53055
171,drone_tweets,Meta-Llama-3-8B-Instruct,max_new_toks=100-temp=0.1-rep_pen=1.1-combine_prompts=True-few_shots=True-include_roles=True,weighted avg_f1-score,0.52949
172,drone_tweets,Meta-Llama-3-8B-Instruct,max_new_toks=100-temp=0.01-rep_pen=1.1-combine_prompts=True-few_shots=True-include_roles=True,weighted avg_f1-score,0.52864
173,drone_tweets,Meta-Llama-3-8B-Instruct,max_new_toks=50-temp=0.01-rep_pen=1.1-combine_prompts=True-few_shots=True-include_roles=True,weighted avg_f1-score,0.52813
174,drone_tweets,Meta-Llama-3-8B-Instruct,max_new_toks=50-temp=0.3-rep_pen=1.2-combine_prompts=True-few_shots=True-include_roles=True,weighted avg_f1-score,0.52609
175,drone_tweets,Meta-Llama-3-8B-Instruct,max_new_toks=50-temp=0.01-rep_pen=1.05-combine_prompts=True-few_shots=True-include_roles=True,weighted avg_f1-score,0.5253
176,drone_tweets,Meta-Llama-3-8B-Instruct,max_new_toks=30-temp=0.3-rep_pen=1.05-combine_prompts=True-few_shots=True-include_roles=True,weighted avg_f1-score,0.52522
177,drone_tweets,Meta-Llama-3-8B-Instruct,max_new_toks=50-temp=0.3-rep_pen=1.15-combine_prompts=True-few_shots=True-include_roles=True,weighted avg_f1-score,0.52511
178,drone_tweets,Meta-Llama-3-8B-Instruct,max_new_toks=50-temp=0.1-rep_pen=1.05-combine_prompts=True-few_shots=True-include_roles=True,weighted avg_f1-score,0.52451
179,drone_tweets,Meta-Llama-3-8B-Instruct,max_new_toks=30-temp=0.1-rep_pen=1.05-combine_prompts=True-few_shots=True-include_roles=True,weighted avg_f1-score,0.52431
180,drone_tweets,tweet_eval-emotion-1.0-lora-epoch=5-wrong-labels,max_new_toks=30-temp=0.01-rep_pen=1.05-combine_prompts=True-few_shots=True-include_roles=True,weighted avg_f1-score,0.52419
181,drone_tweets,Meta-Llama-3-8B-Instruct,max_new_toks=100-temp=0.1-rep_pen=1.05-combine_prompts=True-few_shots=True-include_roles=True,weighted avg_f1-score,0.52344
182,drone_tweets,Meta-Llama-3-8B-Instruct,max_new_toks=100-temp=0.01-rep_pen=1.05-combine_prompts=True-few_shots=True-include_roles=True,weighted avg_f1-score,0.52291
183,drone_tweets,Meta-Llama-3-8B-Instruct,max_new_toks=30-temp=0.5-rep_pen=1.05-combine_prompts=True-few_shots=True-include_roles=True,weighted avg_f1-score,0.52247
184,drone_tweets,Meta-Llama-3-8B-Instruct,max_new_toks=50-temp=0.5-rep_pen=1.2-combine_prompts=True-few_shots=True-include_roles=True,weighted avg_f1-score,0.52139
185,drone_tweets,Meta-Llama-3-8B-Instruct,max_new_toks=30-temp=0.01-rep_pen=1.05-combine_prompts=True-few_shots=True-include_roles=True,weighted avg_f1-score,0.52051
186,drone_tweets,Meta-Llama-3-8B-Instruct,max_new_toks=50-temp=0.5-rep_pen=1.15-combine_prompts=True-few_shots=True-include_roles=True,weighted avg_f1-score,0.52025
187,drone_tweets,Meta-Llama-3-8B-Instruct,max_new_toks=50-temp=0.3-rep_pen=1.05-combine_prompts=True-few_shots=True-include_roles=True,weighted avg_f1-score,0.51988
188,drone_tweets,Meta-Llama-3-8B-Instruct,max_new_toks=30-temp=0.5-rep_pen=1.1-combine_prompts=True-few_shots=True-include_roles=True,weighted avg_f1-score,0.50538
189,drone_tweets,Meta-Llama-3-8B-Instruct,max_new_toks=30-temp=0.01-rep_pen=1.1-combine_prompts=True-few_shots=True-include_roles=True,weighted avg_f1-score,0.50243
190,drone_tweets,Meta-Llama-3-8B-Instruct,max_new_toks=30-temp=0.1-rep_pen=1.1-combine_prompts=True-few_shots=True-include_roles=True,weighted avg_f1-score,0.50193
191,drone_tweets,tweet_eval-emotion-1.0-lora-epoch=3-wrong-labels,max_new_toks=30-temp=0.1-rep_pen=1.2-combine_prompts=True-few_shots=True,weighted avg_f1-score,0.49787
192,drone_tweets,Meta-Llama-3-8B-Instruct,max_new_toks=30-temp=0.3-rep_pen=1.1-combine_prompts=True-few_shots=True-include_roles=True,weighted avg_f1-score,0.48892
193,drone_tweets,Meta-Llama-3-8B-Instruct,max_new_toks=30-temp=0.5-rep_pen=1.15-combine_prompts=True-few_shots=True-include_roles=True,weighted avg_f1-score,0.46981
194,drone_tweets,Meta-Llama-3-8B-Instruct,max_new_toks=30-temp=0.01-rep_pen=1.15-combine_prompts=True-few_shots=True-include_roles=True,weighted avg_f1-score,0.46604
195,drone_tweets,Meta-Llama-3-8B-Instruct,max_new_toks=30-temp=0.3-rep_pen=1.15-combine_prompts=True-few_shots=True-include_roles=True,weighted avg_f1-score,0.46594
196,drone_tweets,Meta-Llama-3-8B-Instruct,max_new_toks=30-temp=0.1-rep_pen=1.2-combine_prompts=True-few_shots=True-include_roles=True,weighted avg_f1-score,0.46183
197,drone_tweets,Meta-Llama-3-8B-Instruct,max_new_toks=30-temp=0.01-rep_pen=1.2-combine_prompts=True-few_shots=True-include_roles=True,weighted avg_f1-score,0.45874
198,drone_tweets,Meta-Llama-3-8B-Instruct,max_new_toks=30-temp=0.1-rep_pen=1.15-combine_prompts=True-few_shots=True-include_roles=True,weighted avg_f1-score,0.45847
199,drone_tweets,Meta-Llama-3-8B-Instruct,max_new_toks=30-temp=0.5-rep_pen=1.2-combine_prompts=True-few_shots=True-include_roles=True,weighted avg_f1-score,0.44901
200,drone_tweets,Meta-Llama-3-8B-Instruct,max_new_toks=30-temp=0.3-rep_pen=1.2-combine_prompts=True-few_shots=True-include_roles=True,weighted avg_f1-score,0.44651
201,drone_tweets,tweet_eval-emotion-sentiment-1.0-lora-epoch=10,max_new_toks=30-temp=0.1-rep_pen=1.2-combine_prompts=True-few_shots=True-include_roles=False,weighted avg_f1-score,0.41078
202,drone_tweets,tweet_eval-emotion-1.0-lora-epoch=10,max_new_toks=50-temp=0.1-rep_pen=1.2-combine_prompts=False-few_shots=True-include_roles=False,weighted avg_f1-score,0.35618
203,drone_tweets,tweet_eval-emotion-1.0-lora-epoch=10-wrong-labels,max_new_toks=30-temp=0.1-rep_pen=1.2-combine_prompts=False-few_shots=True,weighted avg_f1-score,0.31982
204,drone_tweets,tweet_eval-emotion-1.0-lora-epoch=3-wrong-labels,max_new_toks=30-temp=0.1-rep_pen=1.2-combine_prompts=False-few_shots=True,weighted avg_f1-score,0.254
205,drone_tweets,tweet_eval-sentiment-1.0-lora-epoch=10,max_new_toks=30-temp=0.1-rep_pen=1.2-combine_prompts=True-few_shots=True-include_roles=False,weighted avg_f1-score,0.23874
206,drone_tweets,tweet_eval-emotion-1.0-lora-epoch=10,max_new_toks=50-temp=0.1-rep_pen=1.2-combine_prompts=False-few_shots=True-include_roles=True,weighted avg_f1-score,0.20312
207,drone_tweets,tweet_eval-sentiment-1.0-lora-epoch=10,max_new_toks=30-temp=0.1-rep_pen=1.2-combine_prompts=False-few_shots=True-include_roles=False,weighted avg_f1-score,0.2012
208,drone_tweets,tweet_eval-sentiment-1.0-lora-epoch=10,max_new_toks=50-temp=0.1-rep_pen=1.2-combine_prompts=False-few_shots=True-include_roles=True,weighted avg_f1-score,0.1161
